INSERT INTO institution (name,domain) VALUES ("Moscow International Higher Business School (MIRBIS)","icq.com");
INSERT INTO institution (name,domain) VALUES ("MGH Institute of Health Professions","ox.ac.uk");
INSERT INTO institution (name,domain) VALUES ("University College of Boras","hatena.ne.jp");
INSERT INTO institution (name,domain) VALUES ("University of Mosul","w3.org");
INSERT INTO institution (name,domain) VALUES ("St. Michaels College","live.com");
INSERT INTO institution (name,domain) VALUES ("Universitat Autonoma de Barcelona","dot.gov");
INSERT INTO institution (name,domain) VALUES ("California Baptist College","mit.edu");
INSERT INTO institution (name,domain) VALUES ("Trinity International University","example.com");
INSERT INTO institution (name,domain) VALUES ("Universite de Kisangani","ehow.com");
INSERT INTO institution (name,domain) VALUES ("American InterContinental University - Ft. Lauderdale","sina.com.cn");
INSERT INTO user (username,password,email,permission_type )VALUES ("ccockings0","CxeB8vSy", "ibeake0@artisteer.com","coordinator");
INSERT INTO user (username,password,email,permission_type )VALUES ("nickeringill1","J6tHjx", "rissatt1@nasa.gov","coordinator");
INSERT INTO user (username,password,email,permission_type )VALUES ("mreadman2","XFUWwwWz73", "lcudde2@sohu.com","coordinator");
INSERT INTO user (username,password,email,permission_type )VALUES ("cchatenier3","vGf07HyqurA", "ehunter3@multiply.com","tutor");
INSERT INTO user (username,password,email,permission_type )VALUES ("pvarvell4","KdfsSFsCbH", "jpaddy4@oakley.com","coordinator");
INSERT INTO user (username,password,email,permission_type )VALUES ("mcagan5","2NEn9S3", "kflewett5@omniture.com","tutor");
INSERT INTO user (username,password,email,permission_type )VALUES ("llarchiere6","d5MzNOn", "smonni6@nsw.gov.au","tutor");
INSERT INTO user (username,password,email,permission_type )VALUES ("kdosdell7","2CdmLK97Zbws", "bcowoppe7@blogger.com","tutor");
INSERT INTO user (username,password,email,permission_type )VALUES ("ahovey8","jaOoCNi", "ndevaan8@unesco.org","coordinator");
INSERT INTO user (username,password,email,permission_type )VALUES ("mkelbie9","D4t1YO4UyaUx", "ggibb9@skyrock.com","tutor");
INSERT INTO user (username,password,email,permission_type )VALUES ("rdemanuelea","GqgkyZ", "rbonnettea@google.com.hk","tutor");
INSERT INTO user (username,password,email,permission_type )VALUES ("dfoleyb","UxVwtf1NUI", "bspincksb@pcworld.com","tutor");
INSERT INTO user (username,password,email,permission_type )VALUES ("bgrogonac","MNcdCp", "acashmanc@mediafire.com","coordinator");
INSERT INTO user (username,password,email,permission_type )VALUES ("okeefed","WQyd7QwqUQlN", "tgullamd@123-reg.co.uk","coordinator");
INSERT INTO user (username,password,email,permission_type )VALUES ("bvernone","mfRSus25", "nbattee@goo.gl","coordinator");
INSERT INTO user (username,password,email,permission_type )VALUES ("dwillishiref","xs0hZDrgt5xr", "eturveyf@wikispaces.com","tutor");
INSERT INTO user (username,password,email,permission_type )VALUES ("cmacconaghyg","RDWTnE9Kj", "dkilmurryg@japanpost.jp","tutor");
INSERT INTO user (username,password,email,permission_type )VALUES ("rcartyh","TiGeRRGW", "abeckworthh@vinaora.com","tutor");
INSERT INTO user (username,password,email,permission_type )VALUES ("biglesiai","wkoM3qz", "kbertomieui@chron.com","tutor");
INSERT INTO user (username,password,email,permission_type )VALUES ("wtolhurstj","uCHfEQMTTk", "alearmouthj@wikia.com","coordinator");
INSERT INTO user (username,password,email,permission_type )VALUES ("grijkeseisk","nK46wTEo", "csharvellk@ucsd.edu","tutor");
INSERT INTO user (username,password,email,permission_type )VALUES ("odimeol","fhmbeasTu", "anicel@blinklist.com","tutor");
INSERT INTO user (username,password,email,permission_type )VALUES ("jmcginnm","84zvKW", "ezarfaim@google.com.au","tutor");
INSERT INTO user (username,password,email,permission_type )VALUES ("astockelln","zmMk4WV", "bgoveyn@oakley.com","tutor");
INSERT INTO user (username,password,email,permission_type )VALUES ("mmacfadzeano","DXIQ8lsonN5", "pashwino@craigslist.org","coordinator");
INSERT INTO user (username,password,email,permission_type )VALUES ("mcaminp","7uGR8qmi", "jlangstonep@vk.com","coordinator");
INSERT INTO user (username,password,email,permission_type )VALUES ("cdeemingq","bybJtxRsOEs", "rassanteq@uiuc.edu","tutor");
INSERT INTO user (username,password,email,permission_type )VALUES ("eokellr","kqdaMc", "dcoulthartr@a8.net","coordinator");
INSERT INTO user (username,password,email,permission_type )VALUES ("cbattins","Bq0IsZMbr4", "mlarrads@europa.eu","coordinator");
INSERT INTO user (username,password,email,permission_type )VALUES ("dphelipeaut","ST1vyialGjyy", "cstokellt@who.int","tutor");
INSERT INTO user (username,password,email,permission_type )VALUES ("amedendorpu","v668qLVguMf", "vewellsu@prweb.com","coordinator");
INSERT INTO user (username,password,email,permission_type )VALUES ("smccandiev","uqb3z9wq", "obattmanv@oracle.com","coordinator");
INSERT INTO user (username,password,email,permission_type )VALUES ("rearpw","wxhahlTL", "nscawtonw@nps.gov","coordinator");
INSERT INTO user (username,password,email,permission_type )VALUES ("lfinckenx","R8R8WmMjc8", "gandrickx@nsw.gov.au","coordinator");
INSERT INTO user (username,password,email,permission_type )VALUES ("lditery","OSyJ9rCUShRk", "mfullardy@t.co","coordinator");
INSERT INTO user (username,password,email,permission_type )VALUES ("gskeletonz","Q9xDWt", "gstrangwardz@mapy.cz","tutor");
INSERT INTO user (username,password,email,permission_type )VALUES ("amorshead10","jHRZvEFa9", "cskellon10@dmoz.org","coordinator");
INSERT INTO user (username,password,email,permission_type )VALUES ("cgibling11","5zqozRMi8", "msavine11@epa.gov","tutor");
INSERT INTO user (username,password,email,permission_type )VALUES ("oturk12","Fg1TZsJ", "rlippo12@youtube.com","coordinator");
INSERT INTO user (username,password,email,permission_type )VALUES ("hunderdown13","D8pKDVQ6cOAf", "dbastable13@dyndns.org","tutor");
INSERT INTO user (username,password,email,permission_type )VALUES ("mpeyes14","ZzitqzkcTQ1", "bguslon14@tinypic.com","tutor");
INSERT INTO user (username,password,email,permission_type )VALUES ("lgrossman15","6zw4T7", "sdiable15@nih.gov","tutor");
INSERT INTO user (username,password,email,permission_type )VALUES ("iwoollcott16","SAgChbC", "ggirvin16@oracle.com","coordinator");
INSERT INTO user (username,password,email,permission_type )VALUES ("grenwick17","oRwd19", "kcaudrelier17@4shared.com","tutor");
INSERT INTO user (username,password,email,permission_type )VALUES ("sdelle18","OlW9QvmZ", "ichaplyn18@phpbb.com","coordinator");
INSERT INTO user (username,password,email,permission_type )VALUES ("akeld19","JovE3TC", "wrospars19@naver.com","tutor");
INSERT INTO user (username,password,email,permission_type )VALUES ("wgilardi1a","rZiwBQUU", "cblesdill1a@vinaora.com","coordinator");
INSERT INTO user (username,password,email,permission_type )VALUES ("gstrowthers1b","tHQo3G", "jpett1b@ox.ac.uk","coordinator");
INSERT INTO user (username,password,email,permission_type )VALUES ("gbulluck1c","USjvhXH50JH", "traspel1c@dion.ne.jp","coordinator");
INSERT INTO user (username,password,email,permission_type )VALUES ("bmckevin1d","rGSgIRcWy3wD", "rrippin1d@census.gov","tutor");
INSERT INTO user (username,password,email,permission_type )VALUES ("fdoerren1e","APMnqWr", "acandy1e@rambler.ru","coordinator");
INSERT INTO user (username,password,email,permission_type )VALUES ("kdavidou1f","2fac8PGwmHDt", "rdootson1f@usnews.com","coordinator");
INSERT INTO user (username,password,email,permission_type )VALUES ("astarbuck1g","qWprD7J", "ewhipple1g@lycos.com","coordinator");
INSERT INTO user (username,password,email,permission_type )VALUES ("dbourges1h","g3cUOIaVyO0A", "agrog1h@google.co.jp","tutor");
INSERT INTO user (username,password,email,permission_type )VALUES ("tmiskelly1i","Thdk7STJrm", "lconklin1i@51.la","tutor");
INSERT INTO user (username,password,email,permission_type )VALUES ("mchazier1j","lZTzTo", "ltimmens1j@comsenz.com","coordinator");
INSERT INTO user (username,password,email,permission_type )VALUES ("jparzis1k","nDnRwO", "jmarrow1k@mediafire.com","tutor");
INSERT INTO user (username,password,email,permission_type )VALUES ("mseeks1l","5esGL0vKTuhT", "nnesfield1l@wordpress.com","tutor");
INSERT INTO user (username,password,email,permission_type )VALUES ("femblow1m","X9rXnPF4cCp", "mmiddleweek1m@webnode.com","coordinator");
INSERT INTO user (username,password,email,permission_type )VALUES ("tackroyd1n","lmwQLV4", "mridolfo1n@bluehost.com","coordinator");
INSERT INTO user (username,password,email,permission_type )VALUES ("cdallow1o","9C1wlOa4I", "mquixley1o@cbslocal.com","tutor");
INSERT INTO user (username,password,email,permission_type )VALUES ("jlamberteschi1p","4v8yG6knac", "mmousdall1p@ow.ly","tutor");
INSERT INTO user (username,password,email,permission_type )VALUES ("hmcmeekan1q","e4mTnw7F", "tmurdoch1q@ucsd.edu","coordinator");
INSERT INTO user (username,password,email,permission_type )VALUES ("mfoy1r","So0iGRCiqhX", "umartignon1r@altervista.org","coordinator");
INSERT INTO user (username,password,email,permission_type )VALUES ("thiseman1s","kSblds", "rbielby1s@adobe.com","coordinator");
INSERT INTO user (username,password,email,permission_type )VALUES ("fservis1t","jMwcPcoioO", "gpinnion1t@twitpic.com","tutor");
INSERT INTO user (username,password,email,permission_type )VALUES ("gramage1u","vGINY0hJFyJ", "speckett1u@people.com.cn","tutor");
INSERT INTO user (username,password,email,permission_type )VALUES ("credihalgh1v","05awIIN", "fvelez1v@youtu.be","tutor");
INSERT INTO user (username,password,email,permission_type )VALUES ("drecke1w","MpfUZJo", "mlandor1w@imageshack.us","tutor");
INSERT INTO user (username,password,email,permission_type )VALUES ("dadriaens1x","pgKgpZ4PP", "nallin1x@dailymail.co.uk","tutor");
INSERT INTO user (username,password,email,permission_type )VALUES ("tkohrs1y","EJxNTqu", "mdeye1y@ning.com","tutor");
INSERT INTO user (username,password,email,permission_type )VALUES ("nluter1z","7kz4s1upp", "kmobius1z@tinyurl.com","tutor");
INSERT INTO user (username,password,email,permission_type )VALUES ("hfrede20","bLKqr4zd", "roty20@nih.gov","tutor");
INSERT INTO user (username,password,email,permission_type )VALUES ("phappert21","muHKwzFrn5q", "fcoxon21@google.co.jp","coordinator");
INSERT INTO user (username,password,email,permission_type )VALUES ("kchanders22","ISPP5wgfKi8i", "kespinha22@cmu.edu","coordinator");
INSERT INTO user (username,password,email,permission_type )VALUES ("jbaseggio23","gxjKtGCkXMh", "pwadsworth23@sciencedaily.com","tutor");
INSERT INTO user (username,password,email,permission_type )VALUES ("fmawman24","u8HB0cT", "xdanneil24@twitpic.com","tutor");
INSERT INTO user (username,password,email,permission_type )VALUES ("rsliney25","VPR5KpzR", "wmarkie25@sourceforge.net","tutor");
INSERT INTO user (username,password,email,permission_type )VALUES ("jmcgarva26","cUHX5dL90Sp", "mbutland26@rediff.com","tutor");
INSERT INTO user (username,password,email,permission_type )VALUES ("cbonass27","UKd2EM4vDt", "amcelhargy27@ca.gov","coordinator");
INSERT INTO user (username,password,email,permission_type )VALUES ("bstanluck28","jePhqTuCF", "gcomettoi28@hao123.com","coordinator");
INSERT INTO user (username,password,email,permission_type )VALUES ("rjakubowski29","udIPi0nPqA", "hhalfpenny29@epa.gov","tutor");
INSERT INTO user (username,password,email,permission_type )VALUES ("imacshirrie2a","LJ7iJfxilm", "fdallin2a@netscape.com","tutor");
INSERT INTO user (username,password,email,permission_type )VALUES ("lalders2b","1DYSMtB", "sralston2b@deviantart.com","coordinator");
INSERT INTO user (username,password,email,permission_type )VALUES ("scanet2c","70UHVeK1", "nrobyns2c@people.com.cn","tutor");
INSERT INTO user (username,password,email,permission_type )VALUES ("bscutt2d","YcH650W", "cgaw2d@msn.com","tutor");
INSERT INTO user (username,password,email,permission_type )VALUES ("bremer2e","CFH3m4B0qt4I", "gvanross2e@geocities.com","coordinator");
INSERT INTO user (username,password,email,permission_type )VALUES ("wgligorijevic2f","sPMjsKkvy", "adulanty2f@gmpg.org","coordinator");
INSERT INTO user (username,password,email,permission_type )VALUES ("cscarlet2g","nTiftlb", "egrayer2g@boston.com","tutor");
INSERT INTO user (username,password,email,permission_type )VALUES ("fiacobini2h","ZW3c772wM", "tdibartolomeo2h@wordpress.org","coordinator");
INSERT INTO user (username,password,email,permission_type )VALUES ("suzielli2i","nxKMfA", "asearby2i@reverbnation.com","tutor");
INSERT INTO user (username,password,email,permission_type )VALUES ("kryal2j","LHIpLt", "adawber2j@mozilla.com","coordinator");
INSERT INTO user (username,password,email,permission_type )VALUES ("pcrumby2k","AYxAm5t", "lecclestone2k@cdbaby.com","tutor");
INSERT INTO user (username,password,email,permission_type )VALUES ("ibroadfoot2l","cGJ5TrF3G", "rgurden2l@cafepress.com","tutor");
INSERT INTO user (username,password,email,permission_type )VALUES ("rmchirrie2m","wdaR6UuN", "pellit2m@walmart.com","coordinator");
INSERT INTO user (username,password,email,permission_type )VALUES ("fpackwood2n","NzsQTSiCQwY", "hmoger2n@privacy.gov.au","coordinator");
INSERT INTO user (username,password,email,permission_type )VALUES ("fwallett2o","G2kA4v6fQ", "cmundford2o@fc2.com","tutor");
INSERT INTO user (username,password,email,permission_type )VALUES ("mvandenvelden2p","UX4WQm6SoGJ", "ybrunone2p@a8.net","tutor");
INSERT INTO user (username,password,email,permission_type )VALUES ("llloydwilliams2q","mnxXf6KhnVp9", "themerijk2q@xinhuanet.com","coordinator");
INSERT INTO user (username,password,email,permission_type )VALUES ("apickford2r","NyzszDoI", "mgransden2r@examiner.com","tutor");
INSERT INTO subject VALUES ("CSCI670" , 8 );
INSERT INTO subject VALUES ("MEDI555" , 2 );
INSERT INTO subject VALUES ("MEDI224" , 3 );
INSERT INTO subject VALUES ("CSIT772" , 1 );
INSERT INTO subject VALUES ("CSIT773" , 7 );
INSERT INTO subject VALUES ("CSIT985" , 3 );
INSERT INTO subject VALUES ("CSCI550" , 4 );
INSERT INTO subject VALUES ("MEDI395" , 4 );
INSERT INTO subject VALUES ("CSCI419" , 1 );
INSERT INTO subject VALUES ("CSIT691" , 7 );
INSERT INTO subject VALUES ("CSCI397" , 1 );
INSERT INTO subject VALUES ("CSCI708" , 6 );
INSERT INTO subject VALUES ("CSIT190" , 2 );
INSERT INTO subject VALUES ("COMM161" , 9 );
INSERT INTO subject VALUES ("CSIT950" , 2 );
INSERT INTO subject VALUES ("COMM535" , 9 );
INSERT INTO subject VALUES ("MEDI626" , 4 );
INSERT INTO subject VALUES ("CSIT397" , 3 );
INSERT INTO subject VALUES ("MEDI824" , 4 );
INSERT INTO subject VALUES ("COMM774" , 4 );
INSERT INTO subject VALUES ("MEDI728" , 6 );
INSERT INTO subject VALUES ("CSIT145" , 6 );
INSERT INTO subject VALUES ("CSIT455" , 9 );
INSERT INTO subject VALUES ("CSIT882" , 2 );
INSERT INTO subject VALUES ("CSIT381" , 4 );
INSERT INTO subject VALUES ("MEDI572" , 7 );
INSERT INTO subject VALUES ("COMM760" , 1 );
INSERT INTO subject VALUES ("CSIT415" , 3 );
INSERT INTO subject VALUES ("COMM861" , 4 );
INSERT INTO subject VALUES ("CSCI176" , 5 );
INSERT INTO subject_session(isActive, coordinator_id,  session_expiry, subject_code, i_id) VALUES (true , "iwoollcott16" , DATE("2019-08-14") , "CSCI670" , 8);
INSERT INTO subject_session(isActive, coordinator_id,  session_expiry, subject_code, i_id) VALUES (true , "lditery" , DATE("2019-08-14") , "MEDI555" , 2);
INSERT INTO subject_session(isActive, coordinator_id,  session_expiry, subject_code, i_id) VALUES (true , "mreadman2" , DATE("2019-08-14") , "MEDI224" , 3);
INSERT INTO subject_session(isActive, coordinator_id,  session_expiry, subject_code, i_id) VALUES (true , "mcaminp" , DATE("2019-08-14") , "CSIT772" , 1);
INSERT INTO subject_session(isActive, coordinator_id,  session_expiry, subject_code, i_id) VALUES (true , "bgrogonac" , DATE("2019-08-14") , "CSIT773" , 7);
INSERT INTO subject_session(isActive, coordinator_id,  session_expiry, subject_code, i_id) VALUES (true , "fdoerren1e" , DATE("2019-08-14") , "CSIT985" , 3);
INSERT INTO subject_session(isActive, coordinator_id,  session_expiry, subject_code, i_id) VALUES (true , "lditery" , DATE("2019-08-14") , "CSCI550" , 4);
INSERT INTO subject_session(isActive, coordinator_id,  session_expiry, subject_code, i_id) VALUES (true , "iwoollcott16" , DATE("2019-08-14") , "MEDI395" , 4);
INSERT INTO subject_session(isActive, coordinator_id,  session_expiry, subject_code, i_id) VALUES (true , "bgrogonac" , DATE("2019-08-14") , "CSCI419" , 1);
INSERT INTO subject_session(isActive, coordinator_id,  session_expiry, subject_code, i_id) VALUES (true , "cbattins" , DATE("2019-08-14") , "CSIT691" , 7);
INSERT INTO subject_session(isActive, coordinator_id,  session_expiry, subject_code, i_id) VALUES (true , "lditery" , DATE("2019-08-14") , "CSCI397" , 1);
INSERT INTO subject_session(isActive, coordinator_id,  session_expiry, subject_code, i_id) VALUES (true , "kdavidou1f" , DATE("2019-08-14") , "CSCI708" , 6);
INSERT INTO subject_session(isActive, coordinator_id,  session_expiry, subject_code, i_id) VALUES (true , "gstrowthers1b" , DATE("2019-08-14") , "CSIT190" , 2);
INSERT INTO subject_session(isActive, coordinator_id,  session_expiry, subject_code, i_id) VALUES (true , "mcaminp" , DATE("2019-08-14") , "COMM161" , 9);
INSERT INTO subject_session(isActive, coordinator_id,  session_expiry, subject_code, i_id) VALUES (true , "sdelle18" , DATE("2019-08-14") , "CSIT950" , 2);
INSERT INTO subject_session(isActive, coordinator_id,  session_expiry, subject_code, i_id) VALUES (true , "pvarvell4" , DATE("2019-08-14") , "COMM535" , 9);
INSERT INTO subject_session(isActive, coordinator_id,  session_expiry, subject_code, i_id) VALUES (true , "ccockings0" , DATE("2019-08-14") , "MEDI626" , 4);
INSERT INTO subject_session(isActive, coordinator_id,  session_expiry, subject_code, i_id) VALUES (true , "mreadman2" , DATE("2019-08-14") , "CSIT397" , 3);
INSERT INTO subject_session(isActive, coordinator_id,  session_expiry, subject_code, i_id) VALUES (true , "pvarvell4" , DATE("2019-08-14") , "MEDI824" , 4);
INSERT INTO subject_session(isActive, coordinator_id,  session_expiry, subject_code, i_id) VALUES (true , "okeefed" , DATE("2019-08-14") , "COMM774" , 4);
INSERT INTO subject_session(isActive, coordinator_id,  session_expiry, subject_code, i_id) VALUES (true , "rearpw" , DATE("2019-08-14") , "MEDI728" , 6);
INSERT INTO subject_session(isActive, coordinator_id,  session_expiry, subject_code, i_id) VALUES (true , "lditery" , DATE("2019-08-14") , "CSIT145" , 6);
INSERT INTO subject_session(isActive, coordinator_id,  session_expiry, subject_code, i_id) VALUES (true , "fdoerren1e" , DATE("2019-08-14") , "CSIT455" , 9);
INSERT INTO subject_session(isActive, coordinator_id,  session_expiry, subject_code, i_id) VALUES (true , "gstrowthers1b" , DATE("2019-08-14") , "CSIT882" , 2);
INSERT INTO subject_session(isActive, coordinator_id,  session_expiry, subject_code, i_id) VALUES (true , "mchazier1j" , DATE("2019-08-14") , "CSIT381" , 4);
INSERT INTO subject_session(isActive, coordinator_id,  session_expiry, subject_code, i_id) VALUES (true , "gbulluck1c" , DATE("2019-08-14") , "MEDI572" , 7);
INSERT INTO subject_session(isActive, coordinator_id,  session_expiry, subject_code, i_id) VALUES (true , "astarbuck1g" , DATE("2019-08-14") , "COMM760" , 1);
INSERT INTO subject_session(isActive, coordinator_id,  session_expiry, subject_code, i_id) VALUES (true , "gstrowthers1b" , DATE("2019-08-14") , "CSIT415" , 3);
INSERT INTO subject_session(isActive, coordinator_id,  session_expiry, subject_code, i_id) VALUES (true , "ccockings0" , DATE("2019-08-14") , "COMM861" , 4);
INSERT INTO subject_session(isActive, coordinator_id,  session_expiry, subject_code, i_id) VALUES (true , "okeefed" , DATE("2019-08-14") , "CSCI176" , 5);
INSERT INTO staff_allocation   VALUES( "grijkeseisk", 24);
INSERT INTO staff_allocation   VALUES( "cmacconaghyg", 22);
INSERT INTO staff_allocation   VALUES( "gstrowthers1b", 6);
INSERT INTO staff_allocation   VALUES( "fpackwood2n", 21);
INSERT INTO staff_allocation   VALUES( "kryal2j", 7);
INSERT INTO staff_allocation   VALUES( "kdavidou1f", 20);
INSERT INTO staff_allocation   VALUES( "grenwick17", 11);
INSERT INTO staff_allocation   VALUES( "ibroadfoot2l", 25);
INSERT INTO staff_allocation   VALUES( "gstrowthers1b", 20);
INSERT INTO staff_allocation   VALUES( "fwallett2o", 3);
INSERT INTO staff_allocation   VALUES( "amorshead10", 18);
INSERT INTO staff_allocation   VALUES( "femblow1m", 28);
INSERT INTO staff_allocation   VALUES( "cbonass27", 16);
INSERT INTO staff_allocation   VALUES( "dadriaens1x", 24);
INSERT INTO staff_allocation   VALUES( "gbulluck1c", 7);
INSERT INTO staff_allocation   VALUES( "gramage1u", 15);
INSERT INTO staff_allocation   VALUES( "bmckevin1d", 15);
INSERT INTO staff_allocation   VALUES( "hfrede20", 8);
INSERT INTO staff_allocation   VALUES( "gbulluck1c", 22);
INSERT INTO staff_allocation   VALUES( "rdemanuelea", 1);
INSERT INTO staff_allocation   VALUES( "femblow1m", 22);
INSERT INTO staff_allocation   VALUES( "mkelbie9", 16);
INSERT INTO staff_allocation   VALUES( "gbulluck1c", 20);
INSERT INTO staff_allocation   VALUES( "okeefed", 23);
INSERT INTO staff_allocation   VALUES( "grijkeseisk", 28);
INSERT INTO staff_allocation   VALUES( "grijkeseisk", 27);
INSERT INTO staff_allocation   VALUES( "femblow1m", 1);
INSERT INTO staff_allocation   VALUES( "eokellr", 8);
INSERT INTO staff_allocation   VALUES( "pvarvell4", 1);
INSERT INTO staff_allocation   VALUES( "cdeemingq", 8);
